<?xml version="1.0" encoding="UTF-8" standalone="yes"?>
<addon id="docker.linuxserver.sabnzbd"
       name="SABnzbd (LinuxServer.io)"
       version="2.0.0"
       provider-name="LinuxServer.io">
    <requires>
        <import addon="os.libreelec.tv" version="7.0"/>
        <import addon="service.system.docker" version="0.0.0" />
        <import addon="docker.linuxserver.updater" version="0.0.0"/>
    </requires>
    <extension point="xbmc.service" library="default.py">
        <provides></provides>
    </extension>
    <extension point="xbmc.addon.metadata">
        <summary>SABnzbd in a docker container</summary>
        <description>
            SABnzbd makes Usenet as simple and streamlined as possible by automating everything we can. All you have to do is add an .nzb. SABnzbd takes over from there, where it will be automatically downloaded, verified, repaired, extracted and filed away with zero human interaction.

            This is a docker container brought to you by the LinuxServer.io team.
            Please visit https://linuxserver.io for more information.
        </description>
        <disclaimer>
        </disclaimer>
        <news>
            docker.linuxserver.sabnzbd:
            ---------------------------

            2.0.0
            - kodi matrix compatibility
            - use docker container name instead kodi add-on id

            1.0.5
            - Use docker image updater for image updates (faster startup on boot)
            - Use the custom lsio docker network for intercontainer communication via containername as hostname
            - Switch to multi-arch builds

            1.0.4
            - Fix timezone bug

            1.0.3
            - Added aarch64 support

            1.0.2
            - Run as user nobody

            1.0.1
            - Unified addon for x86_64 and arm

            1.0.0
            - Initial release
        </news>
        <platform>all</platform>
        <website>http://linuxserver.io/</website>
        <assets>
            <icon>icon.png</icon>
            <fanart>fanart.jpg</fanart>
        </assets>
    </extension>
</addon>
