<?xml version="1.0" encoding="UTF-8" standalone="yes"?>
<addon id="docker.linuxserver.grocy"
       name="Grocy (LinuxServer.io)"
       version="2.0.0"
       provider-name="LinuxServer.io">
    <requires>
        <import addon="os.libreelec.tv" version="7.0"/>
        <import addon="service.system.docker" version="0.0.0" />
        <import addon="docker.linuxserver.updater" version="0.0.0"/>
    </requires>
    <extension point="xbmc.service" library="default.py">
        <provides></provides>
    </extension>
    <extension point="xbmc.addon.metadata">
        <summary>Grocy in a docker container</summary>
        <description>
            Grocy is an ERP system for your kitchen! Cut down on food waste, and manage your chores with this brilliant utulity.

            Keep track of your purchaes, how much food you are wasting, what chores need doing and what batteries need charging with this proudly Open Source tool

            For more information on grocy visit their website and check it out: https://grocy.info

            This is a docker container brought to you by the LinuxServer.io team.
            Please visit https://linuxserver.io for more information.
        </description>
        <disclaimer>
        </disclaimer>
        <news>
            docker.linuxserver.grocy:
            --------------------------

            2.0.0
            - kodi matrix compatibility
            - use docker container name instead kodi add-on id

            1.0.0
            -Initial release
        </news>
        <platform>all</platform>
        <website>http://linuxserver.io/</website>
        <assets>
            <icon>icon.png</icon>
            <fanart>fanart.jpg</fanart>
        </assets>
    </extension>
</addon>
