<?xml version="1.0" encoding="UTF-8" standalone="yes"?>
<addon id="docker.linuxserver.deluge"
       name="Deluge (LinuxServer.io)"
       version="1.0.0"
       provider-name="LinuxServer.io">
    <requires>
        <import addon="os.libreelec.tv" version="7.0"/>
        <import addon="xbmc.python" version="2.1.0"/>
        <import addon="service.system.docker" version="0.0.0" />
        <import addon="docker.linuxserver.updater" version="0.0.0"/>
    </requires>
    <extension point="xbmc.service" library="default.py">
        <provides></provides>
    </extension>
    <extension point="xbmc.addon.metadata">
        <summary>Deluge in a docker container</summary>
        <description>
            Deluge is a lightweight, Free Software, cross-platform BitTorrent client.

              - Full Encryption
              - WebUI
              - Plugin System
              - Much more...

            This is a docker container brought to you by the LinuxServer.io team.
            Please visit https://linuxserver.io for more information.
        </description>
        <news>
            docker.linuxserver.deluge:
            --------------------------------

            1.0.0
            - Initial release
        </news>
        <disclaimer>
        </disclaimer>
        <platform>all</platform>
        <website>http://linuxserver.io/</website>
        <assets>
            <icon>icon.png</icon>
            <fanart>fanart.jpg</fanart>
        </assets>
    </extension>
</addon>
